,fitness,weeks,density,RMSE_drive_A,RMSE_drive_B,RMSE_female_A,RMSE_female_B,combined_weight
2,0.7,4,6,0.583134112624925,0.583450470754189,289.779144162548,287.468341649416,5.37766471565794
3,0.7,4,6.5,0.622254119757176,0.622307071115703,296.121471786537,297.881068084527,5.61844151441006
4,0.7,4,7,0.620078127497806,0.620311690271043,316.107830832054,316.68781999352,5.82201099590312
5,0.7,4,7.5,0.598537007741153,0.598614537264373,336.442348643864,336.416051333444,5.95793956739714
6,0.7,4,8,0.592952077988907,0.59339616740541,343.979510848355,344.250161593785,6.02119880597301
7,0.7,4,8.5,0.574906239468717,0.575156696296356,364.137028204895,363.717121857826,6.16800930310027
8,0.7,4,9,0.575065602035804,0.575449523820615,360.588653515363,363.093218280924,6.14640290480534
9,0.7,4,9.5,0.537977797911608,0.538425435439049,415.906544676865,418.152559728398,6.60702914530795
10,0.7,4,10,0.53804970233701,0.538278647157418,408.629377189644,411.180525431467,6.52917282156196
11,0.7,4.5,6,0.637700638724987,0.63751937453783,264.1190792504,260.299136050289,5.2967914325539
12,0.7,4.5,6.5,0.626006021629666,0.626025938810323,278.287631270515,276.465550383017,5.4182066124359
13,0.7,4.5,7,0.62255715664491,0.622526619956521,283.343347589263,280.329220417946,5.45347877153378
14,0.7,4.5,7.5,0.614733497775355,0.614835026435202,294.244548062866,296.429799842038,5.5716864657007
15,0.7,4.5,8,0.588872350755782,0.58910545072656,325.46004527977,328.25676158751,5.81716035010115
16,0.7,4.5,8.5,0.591620435089687,0.591787290941241,327.996131690579,327.886318534472,5.83905632149671
17,0.7,4.5,9,0.555833160259987,0.556032452316063,357.178750528886,359.208629088206,6.0327277374763
18,0.7,4.5,9.5,0.548107983645141,0.548913895689162,368.840827033768,370.542992253401,6.12980914088943
19,0.7,4.5,10,0.560299782970717,0.560572417769804,362.994448897631,366.368980716698,6.12086501245038
20,0.7,5,6,0.646706029488735,0.646749914359894,236.54700274523,234.866749856517,5.04264694584946
21,0.7,5,6.5,0.628294096944669,0.628148151566998,265.951131892027,266.085577509884,5.30288619413246
22,0.7,5,7,0.613691959576714,0.613635501003527,285.702843539836,285.55347270045,5.46122564031847
23,0.7,5,7.5,0.599343217306266,0.599670173163588,289.97320778299,289.327428531255,5.45097986327939
24,0.7,5,8,0.59192214717391,0.592175814014127,308.539607996236,308.518735535618,5.62855827813639
25,0.7,5,8.5,0.575256983911414,0.575566534589972,333.869781085885,338.283752116838,5.86604387138135
26,0.7,5,9,0.555290951282142,0.555787246563248,346.789194493374,349.374031590166,5.92093569736046
27,0.7,5,9.5,0.581174834622102,0.581347046904143,330.274501674544,334.342405252674,5.84723539952074
28,0.7,5,10,0.57294205943461,0.573241061522256,354.187542645482,359.449653729087,6.08360105823942
29,0.7,5.5,6,0.641645328587935,0.641317684755619,238.899563939893,235.776970829928,5.04026030009167
30,0.7,5.5,6.5,0.623738621109141,0.62372090045231,252.441373834929,251.92395048221,5.13468587352603
31,0.7,5.5,7,0.607978719658263,0.608257250718368,264.871716471314,269.94307094765,5.24173718392172
32,0.7,5.5,7.5,0.611784047074845,0.611741104503084,280.653058363425,282.249519838637,5.40855968639011
33,0.7,5.5,8,0.599810111840286,0.599992084856542,293.464896739586,296.194154636818,5.5093417675063
34,0.7,5.5,8.5,0.583179088599963,0.583452374958533,303.565762874859,306.468542094474,5.55716415685107
35,0.7,5.5,9,0.58191660244,0.582392223147168,307.76883757612,311.444701020228,5.60288721149909
36,0.7,5.5,9.5,0.597808150576727,0.597953034308061,301.690559756568,303.492195152042,5.58622714361241
37,0.7,5.5,10,0.574858371079559,0.575066495678634,324.363681330556,326.72290775556,5.74917892353983
38,0.7,6,6,0.637683497585965,0.637472072484173,233.264358106797,230.01784742628,4.96316616978856
39,0.7,6,6.5,0.625229149151639,0.625297872568288,245.263928855018,248.841778863068,5.08498027379711
40,0.7,6,7,0.625147891925497,0.625036173858032,266.304375580478,269.271990555694,5.31052899919943
41,0.7,6,7.5,0.598663333878759,0.59873478856582,272.260875875011,274.916945347044,5.27296337647282
42,0.7,6,8,0.588645874193142,0.589024071507878,296.813534637849,300.002041920123,5.50615685755423
43,0.7,6,8.5,0.589472655340789,0.589708912659476,288.691677813117,294.272255165123,5.43370991333052
44,0.7,6,9,0.585640462894442,0.585502291531002,296.217484988541,297.374415355606,5.47589613280439
45,0.7,6,9.5,0.588902790507562,0.589286753419207,301.242863714538,306.1143531866,5.56483405271334
46,0.7,6,10,0.523376578780602,0.523630278669415,344.068777913044,352.255090047593,5.79998577349729
47,0.7,6.5,6,0.629631269756668,0.629474976964596,227.715771117018,230.04739071206,4.90295724117664
48,0.7,6.5,6.5,0.618047843574272,0.617944597525117,242.730429066465,243.539136554784,5.01418373347082
49,0.7,6.5,7,0.613419127562513,0.61352231970903,245.789108411218,251.074368966475,5.05514501403056
50,0.7,6.5,7.5,0.598723585941836,0.598778874064571,262.472576431196,264.08377804903,5.16054635268128
51,0.7,6.5,8,0.590496182128798,0.590380141909261,278.310298423826,281.257017467868,5.30903005554999
52,0.7,6.5,8.5,0.560109219480408,0.56047201663522,301.661413480625,307.289125901445,5.46355947923071
53,0.7,6.5,9,0.57944078265121,0.579866622596919,297.733282467818,302.299902127678,5.48877446082928
54,0.7,6.5,9.5,0.557689447674835,0.558172399635852,312.60525253411,317.491909567305,5.56984650260187
55,0.7,6.5,10,0.547780249698429,0.548052508322384,320.657199777141,327.621299747357,5.63099360069457
56,0.7,7,6,0.626228916372147,0.626374086209129,219.43151679545,221.834299534424,4.80053172201048
57,0.7,7,6.5,0.61249553678688,0.61251033776399,236.55668861991,240.890454037322,4.9454159923957
58,0.7,7,7,0.600005921667727,0.600224303659717,250.414801063037,254.966742833151,5.05052209422878
59,0.7,7,7.5,0.586924540009329,0.58683181513053,256.333661811119,257.86898429533,5.04777662598033
60,0.7,7,8,0.589168869848339,0.589452642052153,269.042935506412,273.202709030405,5.21033710950182
61,0.7,7,8.5,0.587896125698297,0.588166942349447,280.176919491466,282.639001464963,5.31751132814799
62,0.7,7,9,0.577065612140691,0.577419028029346,286.139080241548,291.314933797035,5.35643065148786
63,0.7,7,9.5,0.561044486640268,0.561426243228772,303.10889853019,305.614344628816,5.46561482279738
64,0.7,7,10,0.56454949726112,0.564611474410481,306.013779638031,309.555014060336,5.51584835199679
65,0.7,7.5,6,0.605830735746801,0.605811391261203,223.893678993521,229.820084727211,4.79055857265865
66,0.7,7.5,6.5,0.60374644167044,0.60376919898497,239.984089516858,246.771625800834,4.96304049825735
67,0.7,7.5,7,0.587993707528277,0.588295100252215,251.909304154096,255.367913738859,5.01502193992519
68,0.7,7.5,7.5,0.580732237050011,0.581042263136388,256.478969755325,263.102778630732,5.05474862301192
69,0.7,7.5,8,0.577752584810505,0.577967470227816,275.748152888169,281.023918832786,5.24595938868351
70,0.7,7.5,8.5,0.563815821098059,0.564190434392658,281.911600395505,289.836928495642,5.27499851477462
71,0.7,7.5,9,0.543513846709222,0.543913149593057,291.298440345459,297.94639083345,5.29281563547291
72,0.7,7.5,9.5,0.539853217197736,0.54009170974183,303.435747298177,309.066385247508,5.40531365113233
73,0.7,7.5,10,0.546058475003775,0.546441289893811,301.422467743607,306.09492239895,5.40200271743943
74,0.7,8,6,0.610591578444013,0.610496979547743,216.040074173509,223.156520019624,4.72951677503776
75,0.7,8,6.5,0.582865774924173,0.582887167097676,237.246392467153,245.88011618027,4.863649604154
76,0.7,8,7,0.57519179980142,0.575535833943741,253.013515534183,256.687846253474,4.97944266132806
77,0.7,8,7.5,0.575600974309497,0.575891639443791,246.067666367595,251.951594767614,4.91738818137552
78,0.7,8,8,0.552563721385526,0.552827169861686,282.275442908595,287.491178661903,5.22071283257399
79,0.7,8,8.5,0.541340522428102,0.541556480580157,284.904630493374,289.552494148562,5.20327930411378
80,0.7,8,9,0.538666991626428,0.538765439246722,299.873559588983,306.596796603211,5.36771460724318
81,0.7,8,9.5,0.559377206992343,0.559527927140915,288.299816930243,293.505093188786,5.31220808476595
82,0.7,8,10,0.550587677091798,0.550896508699096,288.722695939828,293.486944518582,5.28109427926058
83,0.75,4,6,0.650018047172736,0.649445863292307,269.246253771979,262.371208776068,5.38207469442992
84,0.75,4,6.5,0.644478441427754,0.644482319578707,272.6544699919,271.69009447675,5.43204478376525
85,0.75,4,7,0.637200705506079,0.636692695621759,292.812168265525,291.251653020808,5.61991271866431
86,0.75,4,7.5,0.614865900976837,0.614914847373788,307.5776019691,305.589547675131,5.69439376707958
87,0.75,4,8,0.610454950773176,0.61080774454483,328.503012593384,329.679325120369,5.92404460125234
88,0.75,4,8.5,0.600632087838555,0.600781505907531,337.665290009598,335.9121652466,5.96983054301554
89,0.75,4,9,0.550001904435774,0.550119630812005,377.597803516024,379.604454132692,6.2329789591455
90,0.75,4,9.5,0.569882750108652,0.570157909596554,375.081162272091,377.042205202616,6.28151753407763
91,0.75,4,10,0.573780551573232,0.573979394179198,383.238735980117,384.590980913321,6.3818961030184
92,0.75,4.5,6,0.662256583730652,0.661624134969948,242.670290039624,240.528220137147,5.16501643923756
93,0.75,4.5,6.5,0.638841465302627,0.63853883150709,263.849770261404,259.834330843777,5.29689307956072
94,0.75,4.5,7,0.62608688779166,0.626134211941404,272.008948938779,268.535992321351,5.3408813900681
95,0.75,4.5,7.5,0.628625759060167,0.628201195294664,292.176033074284,289.48536584315,5.57409094580533
96,0.75,4.5,8,0.623652396425772,0.623778560921929,298.586196117555,300.130333976543,5.64962133764604
97,0.75,4.5,8.5,0.592065991580483,0.592180883266901,322.26035966004,321.53438565458,5.77464649635824
98,0.75,4.5,9,0.580097603682564,0.579865257156864,338.549453547414,337.510058659326,5.90426514301493
99,0.75,4.5,9.5,0.600645003377273,0.600667125812566,328.15557292661,331.644717024413,5.89499510790872
100,0.75,4.5,10,0.589921797415929,0.590001622553389,332.970155366191,332.048480928161,5.88216630217236
101,0.75,5,6,0.658941548383618,0.658663987556235,234.194256777801,231.256914136855,5.05611944750546
102,0.75,5,6.5,0.643894142484925,0.643443541806875,249.995247740502,245.578107422027,5.16250041169253
103,0.75,5,7,0.646705446770018,0.646409450423037,257.115151179366,249.986405288453,5.23616165023072
104,0.75,5,7.5,0.627499009249059,0.627385061398631,283.863933470658,281.828117577668,5.48331609623505
105,0.75,5,8,0.626498678566404,0.62663722020235,280.683327985843,280.758796008441,5.45700110308318
106,0.75,5,8.5,0.607052137239985,0.607021698534263,307.401004738154,308.600654112492,5.68017592353375
107,0.75,5,9,0.61009655025696,0.610156500593424,307.727866845827,309.729982931193,5.7000051433304
108,0.75,5,9.5,0.602066013342572,0.602060537760291,319.191537108056,320.532260038922,5.79061738087786
109,0.75,5,10,0.582565232650058,0.582651969663361,332.448319437517,332.683137115672,5.85480617150437
110,0.75,5.5,6,0.645637680275528,0.645292882646833,230.652973072587,230.412959900744,4.98150989231446
111,0.75,5.5,6.5,0.658890879767684,0.658248638985087,228.268732700744,228.577578873153,5.00860736234653
112,0.75,5.5,7,0.638106200787125,0.637926498150786,242.703859987079,243.271009187036,5.08903680802182
113,0.75,5.5,7.5,0.636851909639197,0.636528470208026,262.076266736388,261.934636790156,5.29142484184227
114,0.75,5.5,8,0.614437031931933,0.614445040341247,278.336511130132,279.395847573418,5.39052963674167
115,0.75,5.5,8.5,0.622805085598017,0.622789589127597,280.785100263684,281.109263337007,5.4450883033846
116,0.75,5.5,9,0.604308312851185,0.604487103077336,296.881509845044,300.516077120238,5.56883335113086
117,0.75,5.5,9.5,0.577379573021057,0.577516995115838,306.817176293527,311.495617654287,5.58009429194361
118,0.75,5.5,10,0.574883323155957,0.57474674701608,325.817385451793,329.098196770661,5.76959969047152
119,0.75,6,6,0.660594617378095,0.659966059019116,213.607088920242,209.84721710907,4.83254576873458
120,0.75,6,6.5,0.649027956817246,0.648619575604283,236.305077623757,231.138456591291,5.02864189748494
121,0.75,6,7,0.633216629418357,0.633289865444469,242.73981359676,242.062472905618,5.06431693091568
122,0.75,6,7.5,0.634793384670039,0.634612445486199,249.666799147774,251.720982781531,5.1606208787191
123,0.75,6,8,0.607038443973368,0.607044628055075,272.22738149302,272.466920793787,5.29104206859669
124,0.75,6,8.5,0.614277309305958,0.614341480366991,280.245735643398,281.829031140497,5.41377165522302
125,0.75,6,9,0.583709249110079,0.583618652112374,296.568459655748,298.088126148167,5.47445436550563
126,0.75,6,9.5,0.580807957811107,0.580968469335549,299.233203007856,298.711311000367,5.48158360405391
127,0.75,6,10,0.590895634900825,0.591018237474042,305.013735805144,308.967204699638,5.60799536246938
128,0.75,6.5,6,0.646428386051998,0.646229373500126,208.189144651001,206.697594571593,4.73272832844788
129,0.75,6.5,6.5,0.642721349352773,0.642459448913585,224.623010787006,222.032596507377,4.89166721014883
130,0.75,6.5,7,0.618648157572387,0.618648811746714,247.222987332181,246.485150878259,5.05710521685693
131,0.75,6.5,7.5,0.612018316230025,0.611835423719418,251.736624695049,254.521698549065,5.10025422418282
132,0.75,6.5,8,0.60657585754623,0.606719043033104,253.474008267123,256.390772015593,5.09977467104236
133,0.75,6.5,8.5,0.584602058478038,0.584620738542531,275.657466785224,278.242436742394,5.25581141574084
134,0.75,6.5,9,0.593122100419358,0.593394720652321,282.834171518997,286.765791724641,5.3746418030383
135,0.75,6.5,9.5,0.563065781140779,0.563314847492536,300.789438827532,302.072881163258,5.44098340610904
136,0.75,6.5,10,0.582718807071324,0.582830066872848,298.916809062848,303.117192189018,5.51157680556938
137,0.75,7,6,0.627606661772281,0.627406298548552,218.8742482688,221.553703691769,4.80059179884507
138,0.75,7,6.5,0.631488388602341,0.631435845703976,223.094512367466,225.799039206527,4.86189497699587
139,0.75,7,7,0.619554922930334,0.619602460413363,235.562633127874,239.761911772234,4.96085382023126
140,0.75,7,7.5,0.621971106922419,0.621995112349154,250.569660188044,254.504144528043,5.13232589996295
141,0.75,7,8,0.581545993585601,0.581566952256556,269.646864422901,272.310396948984,5.17898883248792
142,0.75,7,8.5,0.597614140668713,0.59784032019063,271.776329409005,274.194321819859,5.26264022382977
143,0.75,7,9,0.593855559247512,0.593959328862416,277.341502909764,278.653311535235,5.30262804478512
144,0.75,7,9.5,0.590728468782581,0.590644604777435,275.584956777469,280.889192153496,5.29333949598108
145,0.75,7,10,0.563379574284405,0.56351266612419,308.800757041746,313.402281534195,5.5478177778177
146,0.75,7.5,6,0.630292836537377,0.630245595960191,216.579064889024,219.816789044907,4.78920339802688
147,0.75,7.5,6.5,0.629111284374192,0.628937556658413,227.346583185661,229.405745257634,4.89539486303546
148,0.75,7.5,7,0.602747186031871,0.602818654798062,242.413266138048,245.41903240051,4.96480969435541
149,0.75,7.5,7.5,0.604634226429887,0.604645710726671,239.667831447776,239.970434707638,4.92692583005176
150,0.75,7.5,8,0.584801845708407,0.584932447259875,263.171663867828,265.95394408262,5.12163899555888
151,0.75,7.5,8.5,0.590986913558223,0.59110535453499,269.924658582304,274.295035795153,5.22775869112997
152,0.75,7.5,9,0.567822101582721,0.567719652104111,278.353395602959,283.13965384913,5.23312338353446
153,0.75,7.5,9.5,0.556407183300342,0.556744057925804,299.924504039874,304.82173269851,5.42635444028592
154,0.75,7.5,10,0.561051802241334,0.561395394510649,294.015985448615,298.689804232963,5.37839615964855
155,0.75,8,6,0.625670154416837,0.625653229608385,216.970799391177,224.317657271209,4.79870794526414
156,0.75,8,6.5,0.611306689905308,0.610970740957539,223.900921360482,226.912032437787,4.79475441847069
157,0.75,8,7,0.583625974213983,0.583848122679747,243.007167682274,247.472262841013,4.90663601180489
158,0.75,8,7.5,0.598768216294451,0.598564924370295,241.73027355952,245.429990049783,4.94548676909122
159,0.75,8,8,0.58185438877253,0.582166000474874,263.684745862514,267.28869612904,5.12088859761302
160,0.75,8,8.5,0.566719777715686,0.566950265018013,274.37371663966,277.160089126966,5.17500893496121
161,0.75,8,9,0.56990775147985,0.570112042265943,277.934116415724,284.305420690208,5.24590940669647
162,0.75,8,9.5,0.546041266453744,0.546112534817222,285.15888973348,289.656836085361,5.22290324366251
163,0.75,8,10,0.536963289290771,0.537016906419128,304.290502447219,311.308111015632,5.41095376478487
164,0.8,4,6,0.667396349579591,0.666863926095829,244.869130380491,235.959457010824,5.17123287941444
165,0.8,4,6.5,0.663377561644046,0.663013500835857,261.08008912486,255.39743732477,5.35102697047197
166,0.8,4,7,0.652555647556639,0.652213250770556,281.244947367704,277.607421548928,5.54112806420132
167,0.8,4,7.5,0.636215428959828,0.63594593632335,287.527889126237,287.254464663657,5.56609348215223
168,0.8,4,8,0.626949587082638,0.626751940185661,319.142498396237,317.56407816383,5.86856048773098
169,0.8,4,8.5,0.618371396533175,0.618201441406323,324.213002173087,322.495376697102,5.89039725473676
170,0.8,4,9,0.602901484946667,0.603026973788643,338.03176060397,337.883282458918,5.99137012054738
171,0.8,4,9.5,0.599292940848067,0.599278271250461,346.854958060902,346.681466723515,6.07345656726908
172,0.8,4,10,0.581227752441708,0.581262612635502,363.880474498165,361.028681042359,6.17543595099733
173,0.8,4.5,6,0.666415104671193,0.666012207314752,233.876942431447,232.486170052729,5.08956320426736
174,0.8,4.5,6.5,0.668008334895513,0.667239394396965,241.714158326623,234.567400765676,5.14848771488681
175,0.8,4.5,7,0.658134309748456,0.657604126204189,254.125205228127,250.510829467995,5.26627870014128
176,0.8,4.5,7.5,0.642493316787875,0.642242560411174,270.003133025767,268.800531680269,5.39371924491684
177,0.8,4.5,8,0.641556871058695,0.641340816054886,272.983502627312,267.563892617528,5.39929787162223
178,0.8,4.5,8.5,0.63534889520883,0.635096209437016,286.961809270246,289.030425627005,5.56965161925368
179,0.8,4.5,9,0.621448118141052,0.621557507463696,299.423411168745,298.376814007395,5.63590824841066
180,0.8,4.5,9.5,0.608524624517101,0.608512496425438,315.505590197658,314.077413875114,5.75967247301421
181,0.8,4.5,10,0.623228608178076,0.623087843452902,309.27044632365,308.749387691208,5.75260431670592
182,0.8,5,6,0.666329476725068,0.665644666309229,228.848730704699,221.789171658121,5.00233068872113
183,0.8,5,6.5,0.651701770887678,0.651482283191022,237.894032817191,235.379992499654,5.07129566681602
184,0.8,5,7,0.663575388226911,0.663077360103579,246.636208586642,243.658111990442,5.20894243841692
185,0.8,5,7.5,0.643472383990135,0.643166014834692,261.391355778064,259.251860462068,5.29817538279531
186,0.8,5,8,0.634650515924872,0.634371767013963,278.787797960686,277.048938264876,5.4565820581044
187,0.8,5,8.5,0.63453446399474,0.634382972851341,284.120590699082,282.133196792414,5.51319246910255
188,0.8,5,9,0.619590393343494,0.619451257322601,290.256318627546,289.717000897941,5.53112323280453
189,0.8,5,9.5,0.628038569669127,0.627619726971702,295.646715472107,294.378446776065,5.61763447017711
190,0.8,5,10,0.611254336152085,0.611091990339747,306.81376315605,308.294519175003,5.69113212444712
191,0.8,5.5,6,0.672037063858722,0.671185940248675,218.472884658896,212.312045622804,4.91559037481038
192,0.8,5.5,6.5,0.656783198439356,0.656183265431936,226.471940724341,224.375227189148,4.96766264653961
193,0.8,5.5,7,0.652721294661768,0.652255981657346,242.898816606785,243.909599625006,5.14891953139653
194,0.8,5.5,7.5,0.642766393093865,0.642556636265015,248.347987804192,247.660969297219,5.16140348520966
195,0.8,5.5,8,0.633185523596827,0.632912949990578,261.7165298505,262.05428856374,5.27625314296862
196,0.8,5.5,8.5,0.63712055822546,0.63690083293117,266.445039396279,265.417949600012,5.33540145809655
197,0.8,5.5,9,0.61721024083641,0.616841513673647,275.517528320905,276.401075872967,5.36866729543952
198,0.8,5.5,9.5,0.62943346329296,0.629225628448379,276.692093631258,278.984813882359,5.43631939027619
199,0.8,5.5,10,0.625478631653682,0.625365968993995,283.343717388517,284.199047537641,5.48598802485133
200,0.8,6,6,0.67049479424364,0.669921353603747,210.636470317511,205.370342095158,4.82968866845388
201,0.8,6,6.5,0.660297551944277,0.659758876361639,221.129495908554,219.314167326156,4.92447238475876
202,0.8,6,7,0.644723955157861,0.644440884402677,235.035187059157,234.090203137323,5.0220387341737
203,0.8,6,7.5,0.644283709270506,0.64405790101028,248.980509561162,247.602632531,5.17023293526728
204,0.8,6,8,0.644741207559981,0.644369862707795,249.205133146669,248.45708518303,5.17765360937025
205,0.8,6,8.5,0.625697129677824,0.625464356229784,270.057699967479,272.135278265814,5.34840709199251
206,0.8,6,9,0.617074163006655,0.617167372812485,284.613547343478,283.417237606067,5.45672906289543
207,0.8,6,9.5,0.60583509897027,0.60584910133531,289.225307682384,289.586522664782,5.47261816097747
208,0.8,6,10,0.605820521463676,0.60565128577466,289.332497462715,292.002363512624,5.48621031454661
209,0.8,6.5,6,0.660280215649516,0.65972494580083,206.760244872232,204.820289135731,4.76688387738885
210,0.8,6.5,6.5,0.646895433980608,0.646388632008436,218.496211747201,216.255409416824,4.84223289762518
211,0.8,6.5,7,0.631282095601118,0.630830718706591,226.884813201428,227.305163603131,4.88901303234397
212,0.8,6.5,7.5,0.637736046243412,0.637423189055838,238.224703966869,238.925347311465,5.03923333277883
213,0.8,6.5,8,0.629226993973658,0.629123108571873,248.306133572122,246.532083028252,5.10338269742113
214,0.8,6.5,8.5,0.625938625643294,0.625850922642057,253.521393303037,254.746270697163,5.16442356035958
215,0.8,6.5,9,0.613496429983316,0.613390451622609,266.502426936318,263.559441444673,5.23534517865204
216,0.8,6.5,9.5,0.600943406018573,0.600957889532655,276.184182812399,275.099875858835,5.30359317808403
217,0.8,6.5,10,0.603098848721219,0.60329300955651,274.761687044466,276.49142011155,5.31228498417714
218,0.8,7,6,0.645627426495576,0.645340818295085,218.519482632717,221.190166268092,4.86535392105839
219,0.8,7,6.5,0.63662962432527,0.636401509063645,218.051028868861,219.943569613255,4.82165471338178
220,0.8,7,7,0.625076435302243,0.624912643564387,236.022505500122,239.603519212342,4.98312743860868
221,0.8,7,7.5,0.624193548403762,0.624131452657184,239.223297834809,242.424060938212,5.01276300740853
222,0.8,7,8,0.635866484908663,0.635302027465327,235.18703361196,230.807316069267,4.97023385712407
223,0.8,7,8.5,0.614126375123081,0.614255420798383,252.551378775426,252.214815416858,5.10044873207412
224,0.8,7,9,0.598660065687662,0.598786235497221,271.825158152514,273.16272582717,5.26097449185259
225,0.8,7,9.5,0.588948958345359,0.589055157002843,279.477576688708,284.067134217504,5.32540935111781
226,0.8,7,10,0.596673104570766,0.596590472607463,283.817426007254,283.860000427106,5.37664934303395
227,0.8,7.5,6,0.644913633945304,0.644457643218768,206.873294585407,204.640306548249,4.70797212066561
228,0.8,7.5,6.5,0.624245829773918,0.623999299787053,226.484189775691,227.419130657148,4.86101050443643
229,0.8,7.5,7,0.6353054283778,0.635084511816131,227.044191545636,227.110832889681,4.90459769722644
230,0.8,7.5,7.5,0.616292262253331,0.61639981488001,242.851448471275,242.324672890497,5.00177915611605
231,0.8,7.5,8,0.587745298646465,0.587754852117981,246.025015862795,251.466214539584,4.96032223119528
232,0.8,7.5,8.5,0.604768991000454,0.60480098127635,260.224690934267,265.728637916669,5.18069897129793
233,0.8,7.5,9,0.593181305782957,0.593156997474148,269.995740414702,272.301690954839,5.22517413468805
234,0.8,7.5,9.5,0.564031848445387,0.5641250454177,281.949807399283,284.108051697109,5.24365825442704
235,0.8,7.5,10,0.570642496406684,0.570903158050085,286.725190948008,291.603312845535,5.33645586405899
236,0.8,8,6,0.63226794649693,0.632277076526955,209.770784957773,216.636209410001,4.74272192900989
237,0.8,8,6.5,0.611653010547266,0.611495056663318,224.492289154636,225.594286531095,4.79226239578319
238,0.8,8,7,0.622922032878209,0.622868117651303,226.683342758429,230.570135366116,4.87489616085186
239,0.8,8,7.5,0.610810079203179,0.610652632320171,230.796060914189,231.640121445188,4.85639689692613
240,0.8,8,8,0.590711045731934,0.590926231753502,260.126651943881,263.218497543327,5.11286889378427
241,0.8,8,8.5,0.601826691665038,0.601965750090207,256.919637868661,259.062051106991,5.11491920095157
242,0.8,8,9,0.57835874311025,0.578494898144381,270.992338623416,274.762027359998,5.18786050763311
243,0.8,8,9.5,0.573974339536168,0.574022715770528,272.901099420732,280.62087501173,5.21371997385408
244,0.8,8,10,0.555671097232533,0.55574935449312,285.002726096127,289.818918001631,5.25977081538131
245,0.85,4,6,0.687742725221228,0.686633479820627,243.736761584636,233.131501745729,5.22608481179667
246,0.85,4,6.5,0.670708339007421,0.670174183477373,250.708731797649,244.857253828689,5.26459780762365
247,0.85,4,7,0.672778174471294,0.671978843842442,257.254620009667,254.179858748342,5.35885707681769
248,0.85,4,7.5,0.663495227033574,0.663031746296961,279.826264664945,276.453615847423,5.56868160757749
249,0.85,4,8,0.665130383481336,0.664642804873468,278.234125634024,271.547431821048,5.53909441151739
250,0.85,4,8.5,0.6590652834376,0.658687778884512,290.638413610856,283.953496371507,5.6514995991774
251,0.85,4,9,0.645421812575408,0.644989102408306,299.357933520202,293.725330960046,5.7002655888416
252,0.85,4,9.5,0.630608893262578,0.630246641923758,324.392584226102,320.181454248755,5.9248866694644
253,0.85,4,10,0.604693382788425,0.604678685943685,345.757218329638,346.406319146854,6.08668061350044
254,0.85,4.5,6,0.686446779000789,0.685706071112525,220.982515792048,214.417135541482,4.99598971309126
255,0.85,4.5,6.5,0.681181603888452,0.680674769799834,233.975206936453,223.917781632057,5.09869448490142
256,0.85,4.5,7,0.678043253379849,0.677326583801866,245.136541342482,237.287219609858,5.2203664975015
257,0.85,4.5,7.5,0.666721581566815,0.666330711598519,256.670192512753,249.583961497305,5.30783121993055
258,0.85,4.5,8,0.659169714136286,0.658714796192637,268.359034120851,261.88884096246,5.4098299897904
259,0.85,4.5,8.5,0.645273109887152,0.64492930123926,280.172086039685,275.043135793052,5.49330876460616
260,0.85,4.5,9,0.646824595898185,0.646606679685512,278.516621356841,274.991580629326,5.49032417621312
261,0.85,4.5,9.5,0.640093084529026,0.639904432584728,288.046497401111,284.480407748241,5.56842536125829
262,0.85,4.5,10,0.638516720187845,0.638154518347214,302.107761637594,297.694701168977,5.71080264780159
263,0.85,5,6,0.686789254188277,0.685976438761704,213.400012159205,203.521894696222,4.89601231845661
264,0.85,5,6.5,0.680444286006696,0.679515559576958,232.848862441713,225.267273486319,5.09653827790205
265,0.85,5,7,0.675367307777599,0.674566520449414,227.492446058589,223.466301121866,5.0386929088482
266,0.85,5,7.5,0.674636891959038,0.673873917923358,234.826342372369,232.549734011272,5.12572390494018
267,0.85,5,8,0.660388125819456,0.659741705412413,250.17088045214,249.18477396436,5.24612150657207
268,0.85,5,8.5,0.65863397323753,0.658177272424899,264.616157097593,262.096697107627,5.38888976958168
269,0.85,5,9,0.652448703479837,0.651747121034178,275.501649331859,272.975940829145,5.48354020679564
270,0.85,5,9.5,0.635506941118598,0.635444437176362,283.369786291852,283.977263868053,5.52330337609649
271,0.85,5,10,0.633337007483228,0.633100976379217,294.764547875048,294.516415847291,5.63426799415408
272,0.85,5.5,6,0.67897873323618,0.67818355557744,214.237924063676,205.145038331375,4.8797130918594
273,0.85,5.5,6.5,0.685562918918441,0.684676445561971,217.072142606209,208.734391925713,4.93981615546088
274,0.85,5.5,7,0.675564705530938,0.674723079978722,224.540925491573,218.331528920035,4.99503056345041
275,0.85,5.5,7.5,0.672862585343096,0.672110568815275,230.998513364708,225.130047513663,5.0572384391067
276,0.85,5.5,8,0.643922015811995,0.643660884851766,259.634752882672,256.745543144628,5.27664558337802
277,0.85,5.5,8.5,0.635697472861344,0.635445301407516,253.602129366111,250.953829945006,5.18075182655086
278,0.85,5.5,9,0.638983392849826,0.638690690569113,263.070362791642,262.98082957284,5.31076380216704
279,0.85,5.5,9.5,0.64375134235847,0.643491892264937,268.847614475702,269.906844396765,5.39846770310971
280,0.85,5.5,10,0.623120836365203,0.622848200102963,287.806667216498,286.855953759534,5.51533936249551
281,0.85,6,6,0.67108045467813,0.670299111367162,211.989772123124,210.531592855764,4.86745543781894
282,0.85,6,6.5,0.659659760939989,0.659123393957115,224.774410102971,218.191294673578,4.93532125945975
283,0.85,6,7,0.651310625249263,0.650752290464893,225.507662986916,222.70321510767,4.9323797790675
284,0.85,6,7.5,0.663534372875298,0.662896235162103,230.71578011926,224.114438238161,5.01466082022723
285,0.85,6,8,0.646127203334285,0.645756025642216,239.865621620466,236.645270385187,5.06729826028339
286,0.85,6,8.5,0.645167141983189,0.644816327369766,257.339091977267,255.047554097379,5.25950181600022
287,0.85,6,9,0.633376719853791,0.633181194537378,266.078820241272,267.64486875264,5.33155734348178
288,0.85,6,9.5,0.647354067410207,0.646715828905666,256.264781494919,254.209052570448,5.25689521715316
289,0.85,6,10,0.624154418144124,0.623989992126644,273.47876468343,274.918912435348,5.37643276295422
290,0.85,6.5,6,0.670359264029759,0.669732140120706,199.409655786028,195.376111282122,4.71340963019491
291,0.85,6.5,6.5,0.664043746947393,0.663299393571431,220.524960613284,218.997671632902,4.93339539184577
292,0.85,6.5,7,0.650673259522279,0.650191553727624,218.104362268315,217.440203389107,4.86119849027329
293,0.85,6.5,7.5,0.637407821130923,0.637075156751656,234.994161499378,235.049842798822,4.99910592576086
294,0.85,6.5,8,0.635506320309526,0.635442298745206,253.322622141018,254.73098635685,5.19987189621184
295,0.85,6.5,8.5,0.64138336268855,0.641224905456786,245.80138118155,244.503701374147,5.12503582113045
296,0.85,6.5,9,0.629606253059626,0.62938067843361,255.940969586041,253.236298895093,5.1827399635737
297,0.85,6.5,9.5,0.614865105574038,0.614943080669421,272.752815029673,275.788927403653,5.34235310663381
298,0.85,6.5,10,0.596626063695884,0.596855985239807,281.095929520448,278.057819273881,5.33025143790632
299,0.85,7,6,0.666125964477864,0.66553161942462,199.875116670383,198.38845150514,4.71653025451943
300,0.85,7,6.5,0.663699335130721,0.662990165593295,205.650886451433,202.422106957896,4.7603856330265
301,0.85,7,7,0.639728673339547,0.639251612158634,222.891139341669,224.55153006101,4.88454455234995
302,0.85,7,7.5,0.646877073357288,0.64673637674211,222.860565444004,222.092643416343,4.89867012205378
303,0.85,7,8,0.623068438488329,0.622892834251128,242.065955332909,245.376874908936,5.03987917931127
304,0.85,7,8.5,0.635517458226581,0.635278299267025,245.279131615647,244.734400676832,5.10095649152009
305,0.85,7,9,0.609815838636863,0.609885213299059,259.694388388485,260.767575872304,5.16964501180578
306,0.85,7,9.5,0.620131380795158,0.620110712601748,263.632926615474,263.589435602221,5.24565538070513
307,0.85,7,10,0.600481323326001,0.600352180157317,281.735605202534,284.408456072208,5.38300779358894
308,0.85,7.5,6,0.654597602804609,0.6541152647308,198.22320944025,199.308895626575,4.66896871733903
309,0.85,7.5,6.5,0.648006320286052,0.647798371004006,210.182299096009,210.562808709408,4.77089122278653
310,0.85,7.5,7,0.6346227459569,0.634219550837323,220.756052270161,222.032131868108,4.83974522437276
311,0.85,7.5,7.5,0.623470133299822,0.623265489207552,240.129194813447,242.418647690529,5.01454849462609
312,0.85,7.5,8,0.617528980854299,0.617398285357408,236.205669428509,239.623763945691,4.95544966664814
313,0.85,7.5,8.5,0.611924403290398,0.611900789058955,250.336180988553,253.213493002877,5.08543042232412
314,0.85,7.5,9,0.619825655564604,0.61978897645027,250.304853187328,256.408031260183,5.1331743486502
315,0.85,7.5,9.5,0.61033430552466,0.610182720743718,261.100772596118,263.919141030995,5.1962475147433
316,0.85,7.5,10,0.59272766990312,0.592961251835108,269.402092083362,272.927260415375,5.22423027549299
317,0.85,8,6,0.637396665461038,0.637196956981959,204.146514963659,207.043730681173,4.67849504918558
318,0.85,8,6.5,0.629203282506448,0.629019092601277,210.232633615305,215.522938441517,4.72693194698829
319,0.85,8,7,0.610700787138728,0.610557495637441,230.825982165943,235.233521336337,4.87613351935053
320,0.85,8,7.5,0.616769562887078,0.616619705728004,230.524067399147,236.67630302875,4.9057061922393
321,0.85,8,8,0.612570574789249,0.612588184713921,250.686167902729,254.275812815447,5.09575497962146
322,0.85,8,8.5,0.601918772872207,0.601813716243182,246.994905608737,248.359990164013,5.00218628497052
323,0.85,8,9,0.599469388436911,0.599534125863768,247.251815319027,250.681574519101,5.00742875438329
324,0.85,8,9.5,0.59972036097998,0.59974807775911,262.495935773121,267.381237696323,5.18274937503724
325,0.85,8,10,0.58113724730635,0.581328256074925,276.593348901292,285.157076170565,5.28633713504446
326,0.9,4,6,0.701013997247122,0.699956530860019,229.87912608583,222.332140183126,5.1426635822452
327,0.9,4,6.5,0.696859461868556,0.695727328221186,238.753289147588,228.89352649211,5.21063326677542
328,0.9,4,7,0.693138728942573,0.692246499801944,244.635595819294,231.575197334747,5.24328027177448
329,0.9,4,7.5,0.673273088362217,0.672604150805916,257.477098503835,245.191041579172,5.31224159372489
330,0.9,4,8,0.668463196166733,0.667916320345322,280.950450220629,271.548412818346,5.56626665653516
331,0.9,4,8.5,0.66883730878995,0.668118354567251,277.086649110608,269.980448430773,5.53796219663226
332,0.9,4,9,0.654254436521323,0.653770504159983,291.080281933435,285.486183158118,5.64379979348312
333,0.9,4,9.5,0.647541321596313,0.647051018021108,300.979548841901,296.588748232563,5.73284829018678
334,0.9,4,10,0.663329208506406,0.662618746173133,306.666692562857,300.195087821736,5.84324047251297
335,0.9,4.5,6,0.697728999407134,0.696906033473983,219.400713357127,208.117527792755,4.99545996626743
336,0.9,4.5,6.5,0.686092070371138,0.685226326874318,232.32749183862,224.581933148255,5.11163510583027
337,0.9,4.5,7,0.676294576246989,0.675545989267763,239.281053970107,230.521978664421,5.14467437278821
338,0.9,4.5,7.5,0.671337746593577,0.670667487323018,249.939620456902,244.270674208736,5.25936414090849
339,0.9,4.5,8,0.670466207245854,0.669783368351932,252.326825494873,248.307976105737,5.29122862994493
340,0.9,4.5,8.5,0.670189643875316,0.669246429058693,261.28883147204,253.806913546033,5.36822601844561
341,0.9,4.5,9,0.656291449460085,0.655887404481551,276.726823155069,269.529255913897,5.4861990854866
342,0.9,4.5,9.5,0.656317737822481,0.655829781691718,274.364545889315,271.382344284771,5.48378483156151
343,0.9,4.5,10,0.630710737988105,0.630405228234153,304.549125315976,303.283651940831,5.72521883510797
344,0.9,5,6,0.6975096710937,0.696376061118818,203.641953190964,192.766592436301,4.824334395772
345,0.9,5,6.5,0.693098462065166,0.691922560088153,214.760126437878,206.509599012724,4.94330812683181
346,0.9,5,7,0.694661267483452,0.693648916171773,217.798864628801,208.674033520273,4.97789180876752
347,0.9,5,7.5,0.681536046701156,0.68075434373401,235.635224801839,226.749716671666,5.12414969387833
348,0.9,5,8,0.675368145558254,0.674430299314318,245.826816770803,238.54040450989,5.22038424222793
349,0.9,5,8.5,0.67463632165681,0.674077438612181,256.907477814914,250.916025127807,5.34642040145687
350,0.9,5,9,0.663485978993469,0.662836379684053,259.02958442127,255.933539545691,5.34289323627304
351,0.9,5,9.5,0.650378263046091,0.650029056842003,263.681353586682,262.818860826482,5.35656120437151
352,0.9,5,10,0.654748942359495,0.654393161307077,274.970892733352,275.376642496204,5.50348559731177
353,0.9,5.5,6,0.683624361629607,0.682713133289883,205.915882407655,197.421915631692,4.80975701682033
354,0.9,5.5,6.5,0.68236856413146,0.681626816972272,212.96587258061,203.764195377585,4.87828048661511
355,0.9,5.5,7,0.673789439118754,0.673051749023524,222.086888505689,215.093358221798,4.95731113424111
356,0.9,5.5,7.5,0.666747142228485,0.666106816376272,237.106299868194,231.871742707409,5.1042590691011
357,0.9,5.5,8,0.670004178938525,0.669406052262316,236.764711723288,233.420033000549,5.12355665358456
358,0.9,5.5,8.5,0.64569021932423,0.645120154086869,256.821215418925,253.316046541952,5.24868678232
359,0.9,5.5,9,0.653105983214402,0.652545653447533,257.637446866305,255.046260546832,5.29102201586744
360,0.9,5.5,9.5,0.637030137932402,0.636703202313373,266.634615579209,267.886601891394,5.349583724867
361,0.9,5.5,10,0.639736303880592,0.639261742177019,272.658843646133,270.433776323914,5.40605678999254
362,0.9,6,6,0.691618158702356,0.6904177002832,207.468073229758,196.553853668302,4.84323363245602
363,0.9,6,6.5,0.677298655949499,0.676307866187691,207.273144459941,200.966077143578,4.81240038216951
364,0.9,6,7,0.670860385268588,0.669912361043526,211.194585631336,204.655224782338,4.82938543118756
365,0.9,6,7.5,0.68158609462494,0.680512393680895,211.858732780154,205.499691014441,4.87837123954703
366,0.9,6,8,0.67448257693505,0.673622700684974,228.581666930648,222.397991494118,5.03509725155837
367,0.9,6,8.5,0.658431576816846,0.657751107912888,241.166745287636,238.935713178419,5.13341053224493
368,0.9,6,9,0.65215891528699,0.651645429436811,247.045469933034,247.37747930575,5.18815589326245
369,0.9,6,9.5,0.641507372726357,0.641334378251989,258.487529947991,258.930290241551,5.27358464169083
370,0.9,6,10,0.643574494003863,0.643182176364314,259.852049631519,258.91830136434,5.28830413631487
371,0.9,6.5,6,0.674389323466646,0.673645631194776,199.379901816922,194.514391606139,4.72363598060195
372,0.9,6.5,6.5,0.666871083602483,0.666174650226629,201.096280855657,199.24386515693,4.73047506009493
373,0.9,6.5,7,0.653172308840105,0.652549307848854,215.924774691729,208.540020752365,4.80934898684031
374,0.9,6.5,7.5,0.664971298238094,0.66448620385549,217.83007810304,214.259332565869,4.89667287135307
375,0.9,6.5,8,0.655731351670085,0.655071200266608,231.450334090356,227.270364341643,5.00627796099465
376,0.9,6.5,8.5,0.645942552700797,0.645808722043913,241.7063215523,239.859737076845,5.09476530954393
377,0.9,6.5,9,0.655499871654342,0.655210511473175,244.3018575787,243.104307701224,5.16291023541598
378,0.9,6.5,9.5,0.627591788809166,0.627336875810455,263.301013885188,264.398124548515,5.2764258377034
379,0.9,6.5,10,0.638429103725946,0.638090323055218,261.171571593662,260.242857625615,5.28317552670398
380,0.9,7,6,0.67632724620183,0.675493675733638,192.39916732956,191.35563998779,4.67593084893769
381,0.9,7,6.5,0.663686908196103,0.663081896356409,209.421905561177,208.797769559216,4.81615946519839
382,0.9,7,7,0.65300269954852,0.652580277590454,221.099044002411,220.64654309208,4.90406535896458
383,0.9,7,7.5,0.647055962299746,0.646707648819776,219.23424022683,218.163908748078,4.8577060372496
384,0.9,7,8,0.643529574435377,0.643070344116785,229.974749450734,229.966960855005,4.96712706818239
385,0.9,7,8.5,0.627689765489925,0.627406644158683,245.806137848307,243.163345797831,5.06506025545078
386,0.9,7,9,0.628279753755383,0.628230941905051,255.242678681938,253.359606387612,5.17495521590521
387,0.9,7,9.5,0.626599667482263,0.626316987030399,254.474105915616,254.590488970605,5.1708133134023
388,0.9,7,10,0.623718284850564,0.623685067587046,266.813740502223,266.080667427559,5.29021240507872
389,0.9,7.5,6,0.65958840618515,0.659325864398942,198.105790527237,193.79446365525,4.65718538449885
390,0.9,7.5,6.5,0.664168808150049,0.663726292665581,204.993462313607,204.78149259404,4.77227764384903
391,0.9,7.5,7,0.6403167050964,0.640087102738136,217.421510419962,220.301601265696,4.83435607529874
392,0.9,7.5,7.5,0.632535993637326,0.632272361254874,225.877084880865,225.514731935699,4.87881647164073
393,0.9,7.5,8,0.628562988709812,0.628524182768476,231.173228433119,233.585527560581,4.937276605792
394,0.9,7.5,8.5,0.631857631698038,0.631855290826216,234.90806526293,237.393962297681,4.99109684972666
395,0.9,7.5,9,0.638599405685831,0.638397339166377,239.462712389405,241.503298827287,5.06369797777078
396,0.9,7.5,9.5,0.618630644041709,0.618526867139716,252.843490205646,252.94211431476,5.12281795015744
397,0.9,7.5,10,0.603735574760036,0.603614871391536,268.261007545052,270.959646676172,5.24856421500744
398,0.9,8,6,0.651570716714772,0.651269309304784,208.28463156123,207.279709942541,4.75592454668457
399,0.9,8,6.5,0.638115350199933,0.637827041100294,208.532257888555,208.700758517606,4.71376676870666
400,0.9,8,7,0.637352714632374,0.637044621825696,215.985909060951,215.363355807585,4.78775454422433
401,0.9,8,7.5,0.617990134949594,0.617659390740878,222.64490737999,222.733790446264,4.79035470241711
402,0.9,8,8,0.61997665205788,0.619756293672062,235.881031936114,235.658879137602,4.94085989284701
403,0.9,8,8.5,0.61481364341114,0.614621372606418,242.652778492293,246.326961079077,5.01673254613917
404,0.9,8,9,0.608591636122469,0.608688508720629,248.175425158564,253.493788839825,5.06291349045887
405,0.9,8,9.5,0.609586794189458,0.609516973129067,252.735330957179,256.848448864408,5.10945801532408
406,0.9,8,10,0.588366906259162,0.588415849159976,268.556096478828,273.218647397791,5.20430610189622
407,0.95,4,6,0.715674118054421,0.71434251896052,209.975322470153,196.542838167964,4.94825332120477
408,0.95,4,6.5,0.704004359814764,0.703399135181899,226.347644894937,215.036138983071,5.09549822535234
409,0.95,4,7,0.693615307697346,0.692852846722944,240.974058567066,228.635883632746,5.2094069878307
410,0.95,4,7.5,0.685192479612674,0.684191706562692,248.930942073299,235.479759745824,5.25741467000304
411,0.95,4,8,0.683637559439972,0.683003696672739,261.006809242617,251.864675026729,5.40789090564274
412,0.95,4,8.5,0.68925352773489,0.688366769588683,264.416008204705,254.633056422684,5.46250390962759
413,0.95,4,9,0.679025178348216,0.678206254979425,267.366415614285,257.999356920813,5.45806286459308
414,0.95,4,9.5,0.671838773360528,0.671062250291075,279.821367386607,272.551816193365,5.57825283146138
415,0.95,4,10,0.656658046103264,0.656187870434805,288.717080927789,282.726572916962,5.62501880028357
416,0.95,4.5,6,0.707536848966817,0.70648312089106,215.806869066643,199.505584939171,4.96538979821337
417,0.95,4.5,6.5,0.70251386493086,0.701450111915348,218.029555553361,205.233991294883,4.98991454245034
418,0.95,4.5,7,0.693531347587914,0.692451586791051,230.386375718285,221.728943619198,5.11339907517384
419,0.95,4.5,7.5,0.691497951243429,0.690711803991252,232.631663205498,223.399337702488,5.12749766955969
420,0.95,4.5,8,0.689405284129386,0.688186599165815,242.535087540042,227.143204129292,5.19251765144111
421,0.95,4.5,8.5,0.680507325989004,0.679658984640343,253.125542715203,246.09105898465,5.32123294008116
422,0.95,4.5,9,0.673144353094755,0.672589646525271,261.435487720242,259.054746599251,5.41020142158648
423,0.95,4.5,9.5,0.677758351960557,0.677104063553092,259.941489792991,254.659086826557,5.39521283004624
424,0.95,4.5,10,0.66554774426447,0.664773914988775,266.964884242781,260.4508426645,5.41813098094089
425,0.95,5,6,0.696419040780378,0.695112533060773,215.287809912114,204.903832851139,4.94964819474708
426,0.95,5,6.5,0.696655953217727,0.695526851830758,210.082162887488,200.37675376991,4.89785827444421
427,0.95,5,7,0.69676658841734,0.69579943063535,218.42160370495,208.636398415719,4.98914728141432
428,0.95,5,7.5,0.689835633569298,0.688978923016603,231.82073164462,226.085634554338,5.13159574303814
429,0.95,5,8,0.691071959007753,0.690058873001796,233.117189793415,226.930828777208,5.14765993887561
430,0.95,5,8.5,0.689385927265442,0.688401084827569,238.004692512787,228.351537165331,5.17534184844132
431,0.95,5,9,0.674933007686509,0.674319455872776,259.219053723111,251.353128983565,5.36225792261844
432,0.95,5,9.5,0.659592324946028,0.659069172205332,261.231512558862,258.599813559182,5.35486706852627
433,0.95,5,10,0.664416260810584,0.663773177116292,270.608590458823,264.454668029537,5.45581928426757
434,0.95,5.5,6,0.711127413164359,0.709989315350942,195.336100661017,184.255246787482,4.78457547603652
435,0.95,5.5,6.5,0.69338720329813,0.692358243760697,204.579627819241,198.69209661464,4.84673177167774
436,0.95,5.5,7,0.687819422968157,0.686748320747573,215.012127079003,203.860937016871,4.90997233399177
437,0.95,5.5,7.5,0.681410962742276,0.680706040684768,216.511159706297,209.428183499253,4.92515141105773
438,0.95,5.5,8,0.68180771212371,0.680727363634618,229.960645561008,221.341708331092,5.0641771119479
439,0.95,5.5,8.5,0.673807430062094,0.672928420900787,234.541847878196,227.243364807775,5.09132472843195
440,0.95,5.5,9,0.652883128777121,0.652122866969848,259.650143216976,251.756768592184,5.28228961243941
441,0.95,5.5,9.5,0.677052629974488,0.676013681696538,248.909598117482,242.132385018537,5.26309546600489
442,0.95,5.5,10,0.651310824810265,0.650808433335739,272.133391091019,267.84407338175,5.43301924287672
443,0.95,6,6,0.696953233803692,0.69597228589504,193.922756800169,185.990262610005,4.73279586298926
444,0.95,6,6.5,0.687693970264385,0.686690369192198,206.547820796806,198.311234637572,4.83345409524035
445,0.95,6,7,0.674873050199944,0.673903572548112,219.099839440689,211.184894254551,4.92329358974798
446,0.95,6,7.5,0.687538355931903,0.686477660541849,220.158005937323,211.062933366571,4.97649544839124
447,0.95,6,8,0.657948548280472,0.657364580814564,233.068846601462,229.406619603109,5.03543222470919
448,0.95,6,8.5,0.664358741931865,0.663574165750229,239.893373884571,233.607627297217,5.11943063862551
449,0.95,6,9,0.663978077475448,0.663236924557575,241.03632028034,236.371028214045,5.13953529406625
450,0.95,6,9.5,0.66584768671747,0.665035925823275,252.907490037775,249.68416866323,5.28409439037107
451,0.95,6,10,0.647319240860644,0.646592022906415,256.586824330155,256.70795903534,5.27220222686845
452,0.95,6.5,6,0.69079755343627,0.689480820871423,196.298942543357,192.897684972992,4.75974444205942
453,0.95,6.5,6.5,0.676211243680555,0.675463417531791,202.36136661716,198.202868139772,4.76705103292029
454,0.95,6.5,7,0.66200521034112,0.661124188721248,211.526073584457,201.630326265389,4.78065025438536
455,0.95,6.5,7.5,0.67127547073811,0.670559946890954,214.263555831788,208.372801815354,4.86850803701515
456,0.95,6.5,8,0.662748987106966,0.662235199661359,228.289851911677,224.429419491075,5.00065591656586
457,0.95,6.5,8.5,0.652926065708873,0.652453485709571,239.941280717254,239.263570933366,5.10803297746221
458,0.95,6.5,9,0.65644663180878,0.655981907713601,233.841356496453,230.623657444929,5.04082171698669
459,0.95,6.5,9.5,0.648639935218159,0.648049640008857,247.40683288269,244.764881762272,5.16198351350899
460,0.95,6.5,10,0.648148699787895,0.647589987774798,247.030175674102,245.193907779198,5.16053381611567
461,0.95,7,6,0.682173862565125,0.681221129499233,191.867561936476,189.417734187173,4.68442469776474
462,0.95,7,6.5,0.673957879502133,0.673036004002232,199.697946311021,193.718380986586,4.71892762418896
463,0.95,7,7,0.666923117078465,0.666095472917761,208.447656055881,204.828805512596,4.80082662281106
464,0.95,7,7.5,0.658096108363246,0.657541110428235,215.616426033996,214.971279550489,4.86237402162081
465,0.95,7,8,0.654791479526388,0.654313288112442,224.594116039211,222.028566825313,4.93718991334138
466,0.95,7,8.5,0.64823717321921,0.6475332450642,228.301411138198,229.640052908155,4.97386667379699
467,0.95,7,9,0.647562986858244,0.647296291654312,232.483134059687,231.309149287004,5.00379568372318
468,0.95,7,9.5,0.640231257500161,0.639877656346804,249.615167179986,248.272653502908,5.1616287560357
469,0.95,7,10,0.64057039397612,0.640223676561635,256.028456061726,256.424946397901,5.24258257218025
470,0.95,7.5,6,0.664858225912164,0.664118588078667,199.233482951,196.055271181757,4.69500879768833
471,0.95,7.5,6.5,0.654193216292241,0.653737030812619,206.848214048669,205.246029170679,4.7466550057895
472,0.95,7.5,7,0.650511642603591,0.649893416968678,209.750401390077,208.769943232613,4.76740389914414
473,0.95,7.5,7.5,0.646805013331713,0.646316698057656,211.446182886225,213.026065601825,4.78622224705461
474,0.95,7.5,8,0.644751569754865,0.644479488704411,224.541977637197,227.85331072999,4.93131313524709
475,0.95,7.5,8.5,0.642929882991347,0.64255321274758,236.614650919986,232.881816968026,5.01675027064427
476,0.95,7.5,9,0.641212225372067,0.640798367290848,230.972821859175,233.814432529083,4.98508432061538
477,0.95,7.5,9.5,0.624952955582149,0.624825581142197,256.557845096148,255.50009750232,5.18103255782161
478,0.95,7.5,10,0.62465986372434,0.624333362170495,247.578474200387,254.207632020336,5.12426176767503
479,0.95,8,6,0.662732528577558,0.662197398125905,195.649436281284,195.262172413545,4.66367701380664
480,0.95,8,6.5,0.646385726438831,0.646039327970264,202.87137202201,203.135912490305,4.68401383819382
481,0.95,8,7,0.654583360576065,0.653978557297897,202.094093167234,201.324815315303,4.70061254296498
482,0.95,8,7.5,0.633893530051758,0.633483982973689,217.753216137199,220.838268851548,4.81423170695764
483,0.95,8,8,0.64055574845738,0.640283047762455,231.25333087546,231.597282720604,4.97202845904658
484,0.95,8,8.5,0.613822078585141,0.613896425060483,244.435595195965,245.410574777014,5.01790948427618
485,0.95,8,9,0.629478003128197,0.629076206341301,236.66963241836,235.919553015794,4.98248429759687
486,0.95,8,9.5,0.618477276097659,0.618391269682543,241.75863265583,241.686671543994,5.00035949474495
487,0.95,8,10,0.61089166708898,0.61078451295788,261.277647247969,263.475802187738,5.19694554054583
488,1,4,6,0.712889982021642,0.711751326830425,217.006668326631,201.294833273628,5.00204637468541
489,1,4,6.5,0.712994960961914,0.711875035544441,218.928536808939,205.101443043816,5.03392739448542
490,1,4,7,0.707931001786593,0.70698580385377,231.98182141266,214.648114545946,5.1378681915288
491,1,4,7.5,0.701408243817941,0.7003522015329,238.321991631023,227.023903267378,5.21545835055066
492,1,4,8,0.693107230305015,0.692125527539994,257.113263260678,245.112563529338,5.38503434562731
493,1,4,8.5,0.691066688782733,0.690568837408723,255.919389278962,248.510885401009,5.39065178337001
494,1,4,9,0.680140270473256,0.67938585130285,263.470389857217,258.884619774147,5.44649995283723
495,1,4,9.5,0.686391753078864,0.685463439614127,264.444861448788,255.429238394325,5.45606992856291
496,1,4,10,0.680839324755452,0.679928376786321,277.902815331681,269.542092965827,5.58538346089433
497,1,4.5,6,0.712333627749358,0.710864129297583,209.941008817392,195.90136945634,4.93147979422309
498,1,4.5,6.5,0.70965100082538,0.708701529379034,221.358964627837,205.409880455366,5.03620763702103
499,1,4.5,7,0.698413480231404,0.697500065050785,220.998173583337,213.765606634915,5.03784125192908
500,1,4.5,7.5,0.692899077629778,0.691770364397282,239.3255541408,227.11221528176,5.18867632657016
501,1,4.5,8,0.694754554630723,0.693650449261574,232.312953452826,220.467053938701,5.1213318063085
502,1,4.5,8.5,0.687815249968979,0.687026366865689,242.133789705315,229.350392392786,5.19737905783265
503,1,4.5,9,0.681898324587386,0.681023611468896,247.166410966354,235.18692400689,5.23399325107921
504,1,4.5,9.5,0.68703147501438,0.685582566339611,256.882231219419,249.425905187161,5.38366017794009
505,1,4.5,10,0.684749174136338,0.683639031706283,250.89134217784,242.422430852065,5.30458840053921
506,1,5,6,0.718388094391446,0.716810750338504,192.411750855691,182.303097945843,4.78496684600272
507,1,5,6.5,0.713367699267519,0.712284207331924,205.851530454338,192.051717673584,4.89287553538948
508,1,5,7,0.690441365879231,0.689697485482645,222.468104232824,214.510338052801,5.01971860374679
509,1,5,7.5,0.697008210791292,0.696114801671918,228.00469168963,218.842590728343,5.09824473079312
510,1,5,8,0.686048902078592,0.685200987904264,227.541406990525,219.040383674224,5.05508043030033
511,1,5,8.5,0.685872285999997,0.685178521939797,245.578570537025,235.965743518546,5.2453448434677
512,1,5,9,0.687962630164068,0.686987510075863,228.541334956201,221.664202566971,5.0820832275401
513,1,5,9.5,0.687290897547336,0.686697214429871,237.947058372998,226.6857003129,5.15852002368479
514,1,5,10,0.682235672501115,0.681355490950387,252.609268056056,244.43157346151,5.31578921291127
515,1,5.5,6,0.711430076795388,0.709883776596014,193.976936578409,183.632900559899,4.77421509945969
516,1,5.5,6.5,0.704052643692033,0.702700185269854,197.757247259441,185.41581710336,4.77655279155893
517,1,5.5,7,0.701063196732417,0.699986664930542,208.867667216909,197.885687441637,4.89445019827678
518,1,5.5,7.5,0.683974700044433,0.682956267434795,221.539325700172,210.99424722355,4.96997753444269
519,1,5.5,8,0.683118920131846,0.682269922847846,219.076913865156,212.587422326471,4.96269674946389
520,1,5.5,8.5,0.67439450804026,0.673549218400819,234.891801129657,228.444005780367,5.10217759945771
521,1,5.5,9,0.672827499752346,0.672173964941283,239.591579914758,235.874546618953,5.16301503659296
522,1,5.5,9.5,0.684967636152592,0.683945704991677,237.595188601733,226.613671417725,5.14654168298092
523,1,5.5,10,0.661568381706855,0.660573110830508,256.736310316278,251.572476632186,5.29839297661843
524,1,6,6,0.705709675809012,0.704361261244182,192.719092597125,180.136359768601,4.72657362328981
525,1,6,6.5,0.701280887408558,0.700043038094034,195.447624726807,183.852447030891,4.74512625961594
526,1,6,7,0.693254102707511,0.692096382839463,208.864169277805,198.172565944438,4.86603649329282
527,1,6,7.5,0.68679519285432,0.685970097545842,216.835599272232,206.988288253665,4.93367205546146
528,1,6,8,0.671068041742659,0.670131862929084,219.861374861103,212.870583258277,4.92226549092441
529,1,6,8.5,0.668745939960119,0.66795986645255,237.958877953825,232.811814091327,5.12140650547092
530,1,6,9,0.662574866444937,0.661893464964815,243.152981537654,239.906693752915,5.16527044531043
531,1,6,9.5,0.670330275250009,0.669469107748354,245.45129839263,237.839981433012,5.19538090055156
532,1,6,10,0.675192648031714,0.674378411146645,249.923862118494,241.846981930141,5.26026475389142
533,1,6.5,6,0.683834225961301,0.682940909192586,197.108266678575,187.53545946775,4.70848916102074
534,1,6.5,6.5,0.683527616252377,0.68245945948243,196.396682873913,190.856655554589,4.7216273631404
535,1,6.5,7,0.684784263776299,0.683804785997339,206.245132071766,201.036007532024,4.83590314828207
536,1,6.5,7.5,0.682723643082641,0.681681230200221,209.958710065192,205.88726703782,4.87475488631802
537,1,6.5,8,0.675132857992515,0.674324113009934,221.640584158785,216.914351217011,4.97003609475816
538,1,6.5,8.5,0.668738669705719,0.66789592833829,223.448053994856,221.115783178693,4.9785680917283
539,1,6.5,9,0.662043043210455,0.661141946173912,230.008974963197,229.084050821127,5.03228970742994
540,1,6.5,9.5,0.665619051093736,0.664689188424381,235.896027046056,234.685746143365,5.10855085615061
541,1,6.5,10,0.650051146491038,0.649431024881527,249.917234178689,245.152246382289,5.18291485929032
542,1,7,6,0.677754970892914,0.676950414592077,189.335296382909,180.687278237096,4.60575293191574
543,1,7,6.5,0.67485096025923,0.674007765158681,201.007627395212,197.18659864082,4.74877514182709
544,1,7,7,0.683932563745349,0.682886346295214,203.05239158933,198.046754571135,4.79881316627229
545,1,7,7.5,0.661864727616807,0.66120634511404,212.247774025427,208.629495922677,4.82329500982606
546,1,7,8,0.66465195182773,0.663925001261322,213.0642845078,212.550792649602,4.85997410644349
547,1,7,8.5,0.66192108292164,0.66121327498975,227.104518569769,225.916502146122,4.99903742323847
548,1,7,9,0.644293993957795,0.643723181341493,232.333887773559,228.97607034332,4.97696284166899
549,1,7,9.5,0.648581831804937,0.64811311403857,241.474927841642,241.345668755453,5.11122631471108
550,1,7,10,0.651180469264159,0.650963603144023,245.66793554545,245.785751310984,5.16876238143559
551,1,7.5,6,0.666202716633933,0.66537696756429,196.07246922804,187.68552187264,4.63654512539907
552,1,7.5,6.5,0.676355924505797,0.675308792021566,197.844269352137,194.869874773282,4.72432087765221
553,1,7.5,7,0.653817859059661,0.653240701613785,211.472665231878,207.992343076128,4.78501628210673
554,1,7.5,7.5,0.653205137501285,0.652904407360511,212.556477476762,210.429821139963,4.80255166283981
555,1,7.5,8,0.644168697937539,0.643643861402888,219.221609414654,217.444943012751,4.84227576692648
556,1,7.5,8.5,0.643846230832252,0.643524084342964,227.531988398623,230.655497743661,4.95934227031981
557,1,7.5,9,0.646472430889844,0.646095131035867,231.791933616406,235.109726543916,5.01683442542885
558,1,7.5,9.5,0.629523366359348,0.629392659388218,241.49445048945,245.680827630548,5.06325364745054
559,1,7.5,10,0.623800555158876,0.623469895450635,251.637964235463,252.167418811907,5.13137502606976
560,1,8,6,0.663834384547635,0.66317877394829,193.169856461295,191.367745336552,4.63273749558785
561,1,8,6.5,0.665970013023993,0.66511917070862,191.489018320971,188.168930128039,4.61374752996485
562,1,8,7,0.662743910634985,0.662239721633844,200.974048567176,199.989552160366,4.7185635125531
563,1,8,7.5,0.648889868331151,0.648572641355459,215.962986864701,216.722263633629,4.83924188195997
564,1,8,8,0.635803881624359,0.63517587259998,218.891352838795,218.54280369957,4.8144532864474
565,1,8,8.5,0.636984465638824,0.636672894516173,222.538315812095,218.910942679919,4.84114485905066
566,1,8,9,0.633085599183055,0.632714677828332,240.532235299162,243.559377416032,5.05946301728584
567,1,8,9.5,0.627358491035064,0.626987933878127,241.482802634521,243.152400277149,5.04041317421533
568,1,8,10,0.629007095745693,0.628569673573462,243.164006329727,241.138593065415,5.0443977305896
569,1.05,4,6,0.720791048719741,0.719314335554421,215.641405063313,198.054046242389,5.00626685841931
570,1.05,4,6.5,0.716792649983495,0.715575365518506,218.557846370892,204.428756917768,5.04252716225326
571,1.05,4,7,0.706493479011262,0.705024831015294,229.232457017884,216.067932712325,5.12454163006322
572,1.05,4,7.5,0.698379996800507,0.697479531737166,241.959682304659,231.10361547449,5.24633710514917
573,1.05,4,8,0.690759199990176,0.689992011908846,249.332812517513,236.171580572214,5.28512429260224
574,1.05,4,8.5,0.701564433921609,0.700344663630763,244.670862961894,231.139264176221,5.27261102941546
575,1.05,4,9,0.679980098643679,0.679167176628814,267.885626745825,262.400659278209,5.48895919145647
576,1.05,4,9.5,0.691777491013,0.69090787774129,267.198704027824,258.021794518697,5.50591167471873
577,1.05,4,10,0.67678890406858,0.676059050700353,278.268678476582,272.140191429369,5.58665085372006
578,1.05,4.5,6,0.71164085193727,0.710236089238437,206.821362364436,191.752912664679,4.88919834132361
579,1.05,4.5,6.5,0.711693787586822,0.710525624083832,207.640191138754,193.151183539173,4.90200722366655
580,1.05,4.5,7,0.704753513587717,0.703258521172511,217.362358003179,202.996028089985,4.98163884459072
581,1.05,4.5,7.5,0.706928019077831,0.705598143324633,217.546769488931,202.249032048077,4.98709858887219
582,1.05,4.5,8,0.692093870948598,0.690971590385487,240.204655334134,228.437918716032,5.19768675570947
583,1.05,4.5,8.5,0.689855985018463,0.688737672413046,240.060699825666,230.108802801184,5.19765806785662
584,1.05,4.5,9,0.689965827540361,0.689067263659533,252.026878584398,241.225307004884,5.3243517475846
585,1.05,4.5,9.5,0.675646229616181,0.67502434602165,263.707249323585,255.890708676475,5.41421666625263
586,1.05,4.5,10,0.675520483962086,0.674630317981834,268.620048185526,257.662362726771,5.44937874573164
587,1.05,5,6,0.709788204916402,0.708529100720916,200.969418936844,186.700225265123,4.82298299285877
588,1.05,5,6.5,0.703178276637229,0.702007552405492,208.869364325337,201.570771038513,4.92283621695647
589,1.05,5,7,0.694075209270283,0.692943436425054,218.237273074374,209.766519820753,4.98384310959059
590,1.05,5,7.5,0.697197249320065,0.695915453906296,218.766469082232,205.239228164478,4.9731621101232
591,1.05,5,8,0.700431745659654,0.699326210978516,230.383197673023,216.753423152084,5.1120485136089
592,1.05,5,8.5,0.691559754007757,0.690326370551553,233.776493332595,222.454583229407,5.12776125671952
593,1.05,5,9,0.685223432243349,0.68437861387357,243.698897787131,233.394304990577,5.21822255418347
594,1.05,5,9.5,0.686608934256987,0.685623955630865,244.340496564496,233.6361347622,5.22802790419906
595,1.05,5,10,0.676698987269393,0.675773365802279,254.863736173097,250.253977514683,5.33897628138598
596,1.05,5.5,6,0.7062855722466,0.704898518727102,197.057540106057,183.561619148972,4.77096721248976
597,1.05,5.5,6.5,0.703598119580357,0.702437083138218,202.98714777664,192.387869771907,4.84193120743465
598,1.05,5.5,7,0.695996771248381,0.694806918026416,209.838995947906,196.50040227707,4.87238250217413
599,1.05,5.5,7.5,0.679872851155007,0.679033922529694,217.278314217511,209.678265558426,4.92451736661447
600,1.05,5.5,8,0.676933737501268,0.676012539844078,226.270413707898,218.911289397433,5.01259263155958
601,1.05,5.5,8.5,0.674666193159692,0.673864182036884,237.470492075037,229.041093698016,5.12042615757098
602,1.05,5.5,9,0.682617728818561,0.681522627789036,234.055118474626,226.622614121145,5.11851512747969
603,1.05,5.5,9.5,0.673386766585566,0.672463265609709,242.322234367366,236.945143789689,5.18520897652915
604,1.05,5.5,10,0.672491216972552,0.6716146418756,253.369337425027,246.529726769254,5.29429728402455
605,1.05,6,6,0.70198832497245,0.700673673122257,196.371929846218,190.116097371083,4.78743667108577
606,1.05,6,6.5,0.694354097633442,0.693355505073331,204.040458515166,190.406634449758,4.80155763432264
607,1.05,6,7,0.686514270342632,0.685562286727086,207.84522199862,200.07605124646,4.84580025922868
608,1.05,6,7.5,0.690896008094765,0.68991086892686,211.50090224666,204.681429693093,4.90764502738972
609,1.05,6,8,0.685989257561823,0.684914356373909,226.088248743804,215.660307664923,5.0278551261037
610,1.05,6,8.5,0.6786861905371,0.678098198118249,231.323501251896,223.787358964069,5.0740800372274
611,1.05,6,9,0.675560141190512,0.67475669772789,237.072299338433,230.476690877859,5.12968310772302
612,1.05,6,9.5,0.67767891010262,0.676675500297723,236.103253745091,230.347657331837,5.13148908218718
613,1.05,6,10,0.669761138804013,0.668939364412577,240.457084811416,236.115010090993,5.15695034036487
614,1.05,6.5,6,0.696486395751002,0.695226604136049,187.331167656974,180.60261616912,4.66524179177462
615,1.05,6.5,6.5,0.680439050495987,0.679517410675043,200.076340673622,193.747277007761,4.74587589205739
616,1.05,6.5,7,0.683216736665775,0.682132265184697,204.849116812846,197.939819712711,4.80503355089369
617,1.05,6.5,7.5,0.675365798467716,0.674574298452949,207.248991204373,202.703548550267,4.81492164202795
618,1.05,6.5,8,0.676370360091016,0.675511508553808,218.821372507956,211.495111332943,4.92945760370743
619,1.05,6.5,8.5,0.669261449615381,0.668548519406696,216.475905731732,211.919399534236,4.89237369058117
620,1.05,6.5,9,0.664105566667473,0.663578925044473,225.266442665326,224.91629812292,4.99232752122051
621,1.05,6.5,9.5,0.656935873619512,0.656229070315413,238.469197716742,231.639454049276,5.07265729508199
622,1.05,6.5,10,0.653324298140034,0.652756653365898,239.305806286905,238.665557998361,5.10264666418671
623,1.05,7,6,0.679366530447206,0.678710774527469,189.155192692267,186.395323348508,4.64294638761582
624,1.05,7,6.5,0.67908458641301,0.678095599349647,197.707138739487,196.485657810892,4.74310030593041
625,1.05,7,7,0.668532659634052,0.667683418375872,206.032002760419,202.633857989465,4.78180111234056
626,1.05,7,7.5,0.676322052312986,0.675530185533277,207.212258136705,203.134493918273,4.82077207044119
627,1.05,7,8,0.662426062417147,0.661790949799689,213.966646594429,215.254423487025,4.87150112988694
628,1.05,7,8.5,0.661532378369977,0.660841255822505,225.286858769979,222.630866735372,4.96959299603739
629,1.05,7,9,0.653986171122804,0.653509539064552,233.390264935946,228.546226302232,5.01743983076761
630,1.05,7,9.5,0.65224429196061,0.651647168483364,236.210804411623,231.464025014586,5.04187333566519
631,1.05,7,10,0.638440379776374,0.63800188383439,250.271952567405,250.302279374553,5.16941986237109
632,1.05,7.5,6,0.69258597116022,0.691429157869226,187.516457410476,181.1487530172,4.65456417052409
633,1.05,7.5,6.5,0.674723963498383,0.673936243433601,192.476215977426,192.510680817688,4.67672387776019
634,1.05,7.5,7,0.669374237209094,0.668593020004391,206.717003816116,205.932412605029,4.80714329358853
635,1.05,7.5,7.5,0.658282932284498,0.657859681708449,204.921275335858,202.022057408891,4.73410842625497
636,1.05,7.5,8,0.648735320410538,0.648439249371294,218.200110192926,215.595843798779,4.84441378739303
637,1.05,7.5,8.5,0.637377600888932,0.636813469626287,228.651222799616,229.599983157734,4.93429635336631
638,1.05,7.5,9,0.651854944374659,0.65144619699264,226.02283244132,222.638774017005,4.93714590418475
639,1.05,7.5,9.5,0.644343747520694,0.644082075105111,231.213493053211,230.411087844052,4.97971675034161
640,1.05,7.5,10,0.634891342557888,0.634642164619641,242.032136834527,242.171605021697,5.06691572675943
641,1.05,8,6,0.667789230492185,0.667131823280475,190.524547749039,185.787964147536,4.60267192861429
642,1.05,8,6.5,0.656775949447681,0.656433889139252,195.353161074976,197.350067306657,4.65130390225758
643,1.05,8,7,0.653084489513759,0.652337263306194,200.090044519675,196.985950609353,4.65977243992733
644,1.05,8,7.5,0.634768692976434,0.634503425953064,208.372701928611,210.062809651401,4.70773894909063
645,1.05,8,8,0.648468394065267,0.647861422534245,214.70565499429,215.754681520734,4.82496826771739
646,1.05,8,8.5,0.642491282447726,0.642141997037916,227.287668447336,227.315870366111,4.9342487304819
647,1.05,8,9,0.631655082551773,0.631273229449574,242.405908904676,243.511952974165,5.06374794043091
648,1.05,8,9.5,0.617983376449934,0.6177971793061,235.073674954548,233.692830988674,4.91806174832886
649,1.05,8,10,0.629409971344402,0.629212736032055,248.900870345505,249.583754441283,5.12404534082219
650,1.1,4,6,0.719204801765298,0.718186932211833,216.429373875833,199.888439997078,5.01549587902345
651,1.1,4,6.5,0.711690341061749,0.710261514128902,223.698146404629,206.399143367788,5.06110771656645
652,1.1,4,7,0.707718923741511,0.706514524421682,230.687718675093,215.762406607375,5.13582398707644
653,1.1,4,7.5,0.70429924149979,0.70331457779561,232.356387536168,222.159541469716,5.16766156413835
654,1.1,4,8,0.701149112977047,0.700121544510143,243.763629934546,230.030856789831,5.26037377466883
655,1.1,4,8.5,0.683996412392659,0.682878972953935,256.517612014982,247.738785595656,5.36137072412921
656,1.1,4,9,0.700374200110496,0.69940350681858,249.432946443593,239.40392624033,5.33996587728444
657,1.1,4,9.5,0.703452413485373,0.702418642820555,257.875527856726,243.764031814298,5.42104693868791
658,1.1,4,10,0.663581468891736,0.662958076357538,291.912431987851,285.129533731019,5.68164144204998
659,1.1,4.5,6,0.709606157296451,0.708752761734654,206.751087818051,188.048276554224,4.86151660277501
660,1.1,4.5,6.5,0.717150076325812,0.716103432100959,210.529883281192,198.164636367668,4.96641783599815
661,1.1,4.5,7,0.70618198819175,0.705153054529984,227.43031195784,211.247635768658,5.08775574269417
662,1.1,4.5,7.5,0.6903165725941,0.68943651549155,232.249573118416,219.578239614611,5.0995265795018
663,1.1,4.5,8,0.708154340936877,0.706847016015867,230.157153779663,215.094161373005,5.13073631827932
664,1.1,4.5,8.5,0.697021603772592,0.695872514930675,240.025826635669,229.111997157685,5.21924936849399
665,1.1,4.5,9,0.677504770194667,0.676670144612021,253.790083388532,248.801760925209,5.32840921789555
666,1.1,4.5,9.5,0.687562760841311,0.686699829601398,252.761484733226,243.771951313404,5.33332382088496
667,1.1,4.5,10,0.67153129829486,0.670593114195402,268.803989432502,259.918991065676,5.44757085600332
668,1.1,5,6,0.721348277555829,0.719550863821618,196.596017633079,181.156715222722,4.81189466268709
669,1.1,5,6.5,0.715666829627832,0.714385429991972,204.804498022835,191.3305871243,4.89166682395979
670,1.1,5,7,0.709108510085725,0.707775878076217,204.29041209175,193.467698346372,4.87563524386379
671,1.1,5,7.5,0.700729841184456,0.699683880673254,215.714496912984,203.148562006299,4.95914670485792
672,1.1,5,8,0.696167372853498,0.695142109373955,226.827801405033,214.44697195291,5.06405327085069
673,1.1,5,8.5,0.678444031493789,0.677965464357464,243.27112282692,235.5941969836,5.20295472285384
674,1.1,5,9,0.692364397494122,0.691179239926278,236.418734883229,225.763531822107,5.1634643056963
675,1.1,5,9.5,0.679923534914391,0.679109209974919,250.143681873093,244.459750812197,5.29403374900247
676,1.1,5,10,0.680443033109984,0.67969074800977,257.619415977893,249.814971340346,5.3659298372565
677,1.1,5.5,6,0.710815861828348,0.709499816044515,201.119724525933,186.62063369113,4.82716303374597
678,1.1,5.5,6.5,0.699883871562399,0.698712812471538,202.957640531001,193.379741969384,4.8330754551952
679,1.1,5.5,7,0.694129192285154,0.69310512613045,213.38258325697,205.230328534673,4.93305013792453
680,1.1,5.5,7.5,0.701965268857171,0.700894826881009,215.267652483712,204.168970052581,4.96709665919164
681,1.1,5.5,8,0.675956550118607,0.674944090001381,222.331286978555,218.139012353889,4.98329784812251
682,1.1,5.5,8.5,0.688384893638406,0.687326913768097,227.708484118314,218.078529830577,5.05915391457834
683,1.1,5.5,9,0.678765001967954,0.678030566375307,234.775701871973,227.141216890921,5.11122562540618
684,1.1,5.5,9.5,0.673569613367794,0.672435967417796,244.409132391331,238.439903289332,5.20498831023713
685,1.1,5.5,10,0.675660046153798,0.675005387893818,238.14199454842,232.142994162962,5.14533658241831
686,1.1,6,6,0.700508016580169,0.699387586011815,188.819718598381,183.758321541913,4.70637896531313
687,1.1,6,6.5,0.694496063704933,0.693512959614704,202.284751078491,191.053206964527,4.79631957830888
688,1.1,6,7,0.692904025349297,0.69206665002926,206.085311631449,198.821164080173,4.85403258622402
689,1.1,6,7.5,0.691092989144031,0.690013000663272,209.817726447818,204.814669505371,4.89994252249696
690,1.1,6,8,0.67180710773964,0.671078927290771,222.846524250727,215.41685967718,4.95562175662869
691,1.1,6,8.5,0.674683218722938,0.673619139720078,221.491672198437,216.925006725015,4.96709237155794
692,1.1,6,9,0.666730696857553,0.666079734430098,242.273092961758,236.010268301414,5.15484265512328
693,1.1,6,9.5,0.668412267411292,0.667954148486698,239.504927371825,234.482147693826,5.13831921764538
694,1.1,6,10,0.653490502384661,0.653053731450562,260.481050294379,255.352102978845,5.3096553853313
695,1.1,6.5,6,0.686704312691584,0.685753526748894,193.073770872254,184.738259032646,4.68219476878468
696,1.1,6.5,6.5,0.687752995331711,0.686650964401096,198.267033415753,187.970570816107,4.73168539928304
697,1.1,6.5,7,0.674029390600522,0.673273341762841,205.353115195616,200.899682977695,4.78970706539843
698,1.1,6.5,7.5,0.670132546890037,0.669453653195919,215.249479715182,209.450629738836,4.87548067499081
699,1.1,6.5,8,0.673590111109588,0.672754888238263,218.982076925502,214.397110994498,4.9358667697139
700,1.1,6.5,8.5,0.661595994624382,0.661031470334771,225.725391075186,224.310212737193,4.98175773298603
701,1.1,6.5,9,0.65177396316169,0.651281565806184,230.95744812886,227.533922972197,4.99030428200956
702,1.1,6.5,9.5,0.653615575169026,0.652887823407994,241.360056873604,238.668828243697,5.11447343589091
703,1.1,6.5,10,0.659465721766354,0.658737880806942,247.160728111779,242.807555351253,5.19088584013475
704,1.1,7,6,0.692608820755766,0.691589194859067,189.453531098771,179.967961964711,4.65872636272254
705,1.1,7,6.5,0.685286079978363,0.684229732287204,195.37804733012,192.156369213238,4.73013457725957
706,1.1,7,7,0.679886323994356,0.67909507847854,202.082498365343,193.98175875575,4.75606017852372
707,1.1,7,7.5,0.663765212787671,0.663068611900577,216.763810775478,214.013723185182,4.88458605402428
708,1.1,7,8,0.664000027241944,0.663443211964991,215.79426307429,212.01349977781,4.86944334196541
709,1.1,7,8.5,0.662180574785332,0.661766819795365,225.436610748707,226.814938233574,4.99665005452685
710,1.1,7,9,0.65519412808272,0.654667633429686,237.786292563985,233.902796507985,5.07526650461363
711,1.1,7,9.5,0.638253336201227,0.637674596155197,243.154461651119,241.186661553603,5.0796682992126
712,1.1,7,10,0.65025760753604,0.649876082828943,244.254055339193,242.392549208948,5.13849567932802
713,1.1,7.5,6,0.68067365134563,0.67974232231107,186.723489987459,182.303357763018,4.6116536535567
714,1.1,7.5,6.5,0.671581923138127,0.670549744265161,195.774666305724,191.725208637916,4.67755350826673
715,1.1,7.5,7,0.659897190385934,0.659371798591292,196.820328803267,195.616245513698,4.6611015974559
716,1.1,7.5,7.5,0.654753284757002,0.654262885228367,219.067603636493,217.726095214864,4.88351649718101
717,1.1,7.5,8,0.644196233756529,0.643634817729429,220.099002517194,223.005506911951,4.87790751857249
718,1.1,7.5,8.5,0.645844232882541,0.645300781287114,221.820091873084,221.331008861192,4.88415075855518
719,1.1,7.5,9,0.638811724402892,0.638401298534201,232.84887070812,234.300341624441,4.98866714518349
720,1.1,7.5,9.5,0.639253271935314,0.638725771432835,231.144609463948,228.566099168522,4.94914069091449
721,1.1,7.5,10,0.637739470489788,0.637428435749629,243.051245805139,243.933344609543,5.09292566091345
722,1.1,8,6,0.65684762305146,0.656169095793089,197.814426933048,196.007787872105,4.65665806403908
723,1.1,8,6.5,0.667565097166808,0.666973940812496,198.557801756936,193.123795589857,4.68572623580832
724,1.1,8,7,0.657755569517638,0.65698001020441,205.10978909999,202.173982394037,4.73327462800835
725,1.1,8,7.5,0.6565819706703,0.656351042495897,211.318445400027,208.80692551857,4.79993788113554
726,1.1,8,8,0.655844407923646,0.655462645455771,207.120981229579,209.637755529417,4.7789690025345
727,1.1,8,8.5,0.651067745827766,0.650564342233759,222.5720260549,226.693786586878,4.93800873124264
728,1.1,8,9,0.637038657105478,0.636719945806594,235.920740806946,236.597531780855,5.01128432289651
729,1.1,8,9.5,0.623402290665497,0.623273866197207,239.00707393536,239.092807820401,4.98994515772134
730,1.1,8,10,0.6130272768271,0.612853889312927,254.678401084783,256.572398934248,5.13127655258278